{
    "swagger": "2.0",
    "info": {
        "contact": {}
    },
    "paths": {
        "/branch": {
            "get": {
                "description": "gets all branch based on limit, page and search by name",
                "consumes": [
                    "application/json"
                ],
                "produces": [
                    "application/json"
                ],
                "tags": [
                    "BRANCH"
                ],
                "summary": "GET  ALL BRANCHS",
                "parameters": [
                    {
                        "minimum": 1,
                        "type": "integer",
                        "default": 10,
                        "description": "limit",
                        "name": "limit",
                        "in": "query"
                    },
                    {
                        "minimum": 1,
                        "type": "integer",
                        "default": 1,
                        "description": "page",
                        "name": "page",
                        "in": "query"
                    },
                    {
                        "type": "string",
                        "description": "search",
                        "name": "search",
                        "in": "query"
                    }
                ],
                "responses": {
                    "200": {
                        "description": "OK",
                        "schema": {
                            "$ref": "#/definitions/models.GetAllBranch"
                        }
                    },
                    "400": {
                        "description": "Bad Request",
                        "schema": {
                            "$ref": "#/definitions/response.ErrorResp"
                        }
                    },
                    "404": {
                        "description": "Not Found",
                        "schema": {
                            "$ref": "#/definitions/response.ErrorResp"
                        }
                    },
                    "500": {
                        "description": "Internal Server Error",
                        "schema": {
                            "$ref": "#/definitions/response.ErrorResp"
                        }
                    }
                }
            },
            "post": {
                "description": "CREATES BRANCH BASED ON GIVEN DATA",
                "consumes": [
                    "application/json"
                ],
                "produces": [
                    "application/json"
                ],
                "tags": [
                    "BRANCH"
                ],
                "summary": "CREATES BRANCH",
                "parameters": [
                    {
                        "description": "branch data",
                        "name": "data",
                        "in": "body",
                        "required": true,
                        "schema": {
                            "$ref": "#/definitions/models.CreateBranch"
                        }
                    }
                ],
                "responses": {
                    "200": {
                        "description": "OK",
                        "schema": {
                            "type": "string"
                        }
                    },
                    "400": {
                        "description": "Bad Request",
                        "schema": {
                            "$ref": "#/definitions/response.ErrorResp"
                        }
                    },
                    "404": {
                        "description": "Not Found",
                        "schema": {
                            "$ref": "#/definitions/response.ErrorResp"
                        }
                    },
                    "500": {
                        "description": "Internal Server Error",
                        "schema": {
                            "$ref": "#/definitions/response.ErrorResp"
                        }
                    }
                }
            }
        },
        "/branch/{id}": {
            "get": {
                "description": "get branch by ID",
                "consumes": [
                    "application/json"
                ],
                "produces": [
                    "application/json"
                ],
                "tags": [
                    "BRANCH"
                ],
                "summary": "GET BY ID",
                "parameters": [
                    {
                        "type": "string",
                        "format": "uuid",
                        "description": "Branch ID",
                        "name": "id",
                        "in": "path",
                        "required": true
                    }
                ],
                "responses": {
                    "200": {
                        "description": "OK",
                        "schema": {
                            "$ref": "#/definitions/models.Branch"
                        }
                    },
                    "400": {
                        "description": "Bad Request",
                        "schema": {
                            "$ref": "#/definitions/response.ErrorResp"
                        }
                    },
                    "404": {
                        "description": "Not Found",
                        "schema": {
                            "$ref": "#/definitions/response.ErrorResp"
                        }
                    },
                    "500": {
                        "description": "Internal Server Error",
                        "schema": {
                            "$ref": "#/definitions/response.ErrorResp"
                        }
                    }
                }
            },
            "put": {
                "description": "UPDATES BRANCH BASED ON GIVEN DATA AND ID",
                "consumes": [
                    "application/json"
                ],
                "produces": [
                    "application/json"
                ],
                "tags": [
                    "BRANCH"
                ],
                "summary": "UPDATE BRANCH BY ID",
                "parameters": [
                    {
                        "type": "string",
                        "format": "uuid",
                        "description": "id of branch",
                        "name": "id",
                        "in": "path",
                        "required": true
                    },
                    {
                        "description": "branch data",
                        "name": "data",
                        "in": "body",
                        "required": true,
                        "schema": {
                            "$ref": "#/definitions/models.CreateBranch"
                        }
                    }
                ],
                "responses": {
                    "200": {
                        "description": "OK",
                        "schema": {
                            "type": "string"
                        }
                    },
                    "400": {
                        "description": "Bad Request",
                        "schema": {
                            "$ref": "#/definitions/response.ErrorResp"
                        }
                    },
                    "404": {
                        "description": "Not Found",
                        "schema": {
                            "$ref": "#/definitions/response.ErrorResp"
                        }
                    },
                    "500": {
                        "description": "Internal Server Error",
                        "schema": {
                            "$ref": "#/definitions/response.ErrorResp"
                        }
                    }
                }
            },
            "delete": {
                "description": "DELETES BRANCH BASED ON ID",
                "consumes": [
                    "application/json"
                ],
                "produces": [
                    "application/json"
                ],
                "tags": [
                    "BRANCH"
                ],
                "summary": "DELETE BRANCH BY ID",
                "parameters": [
                    {
                        "type": "string",
                        "format": "uuid",
                        "description": "id of branch",
                        "name": "id",
                        "in": "path",
                        "required": true
                    }
                ],
                "responses": {
                    "200": {
                        "description": "OK",
                        "schema": {
                            "type": "string"
                        }
                    },
                    "400": {
                        "description": "Bad Request",
                        "schema": {
                            "$ref": "#/definitions/response.ErrorResp"
                        }
                    },
                    "404": {
                        "description": "Not Found",
                        "schema": {
                            "$ref": "#/definitions/response.ErrorResp"
                        }
                    },
                    "500": {
                        "description": "Internal Server Error",
                        "schema": {
                            "$ref": "#/definitions/response.ErrorResp"
                        }
                    }
                }
            }
        },
        "/sale": {
            "get": {
                "description": "gets all sales based on limit, page and search by name",
                "consumes": [
                    "application/json"
                ],
                "produces": [
                    "application/json"
                ],
                "tags": [
                    "SALE"
                ],
                "summary": "GET  ALL SALES",
                "parameters": [
                    {
                        "minimum": 1,
                        "type": "integer",
                        "default": 10,
                        "description": "limit",
                        "name": "limit",
                        "in": "query"
                    },
                    {
                        "minimum": 1,
                        "type": "integer",
                        "default": 1,
                        "description": "page",
                        "name": "page",
                        "in": "query"
                    },
                    {
                        "type": "string",
                        "description": "search",
                        "name": "search",
                        "in": "query"
                    }
                ],
                "responses": {
                    "200": {
                        "description": "OK",
                        "schema": {
                            "$ref": "#/definitions/models.GetAllSalesResponse"
                        }
                    },
                    "400": {
                        "description": "Bad Request",
                        "schema": {
                            "$ref": "#/definitions/response.ErrorResp"
                        }
                    },
                    "404": {
                        "description": "Not Found",
                        "schema": {
                            "$ref": "#/definitions/response.ErrorResp"
                        }
                    },
                    "500": {
                        "description": "Internal Server Error",
                        "schema": {
                            "$ref": "#/definitions/response.ErrorResp"
                        }
                    }
                }
            },
            "post": {
                "description": "CREATES SALE BASED ON GIVEN DATA",
                "consumes": [
                    "application/json"
                ],
                "produces": [
                    "application/json"
                ],
                "tags": [
                    "SALE"
                ],
                "summary": "CREATES SALE",
                "parameters": [
                    {
                        "description": "branch data",
                        "name": "data",
                        "in": "body",
                        "required": true,
                        "schema": {
                            "$ref": "#/definitions/models.CreateSales"
                        }
                    }
                ],
                "responses": {
                    "200": {
                        "description": "OK",
                        "schema": {
                            "type": "string"
                        }
                    },
                    "400": {
                        "description": "Bad Request",
                        "schema": {
                            "$ref": "#/definitions/response.ErrorResp"
                        }
                    },
                    "404": {
                        "description": "Not Found",
                        "schema": {
                            "$ref": "#/definitions/response.ErrorResp"
                        }
                    },
                    "500": {
                        "description": "Internal Server Error",
                        "schema": {
                            "$ref": "#/definitions/response.ErrorResp"
                        }
                    }
                }
            }
        },
        "/sale/{id}": {
            "get": {
                "description": "get sale by ID",
                "consumes": [
                    "application/json"
                ],
                "produces": [
                    "application/json"
                ],
                "tags": [
                    "SALE"
                ],
                "summary": "GET BY ID",
                "parameters": [
                    {
                        "type": "string",
                        "format": "uuid",
                        "description": "Sale ID",
                        "name": "id",
                        "in": "path",
                        "required": true
                    }
                ],
                "responses": {
                    "200": {
                        "description": "OK",
                        "schema": {
                            "$ref": "#/definitions/models.Sales"
                        }
                    },
                    "400": {
                        "description": "Bad Request",
                        "schema": {
                            "$ref": "#/definitions/response.ErrorResp"
                        }
                    },
                    "404": {
                        "description": "Not Found",
                        "schema": {
                            "$ref": "#/definitions/response.ErrorResp"
                        }
                    },
                    "500": {
                        "description": "Internal Server Error",
                        "schema": {
                            "$ref": "#/definitions/response.ErrorResp"
                        }
                    }
                }
            },
            "put": {
                "description": "UPDATES SALE BASED ON GIVEN DATA AND ID",
                "consumes": [
                    "application/json"
                ],
                "produces": [
                    "application/json"
                ],
                "tags": [
                    "SALE"
                ],
                "summary": "UPDATE SALE BY ID",
                "parameters": [
                    {
                        "type": "string",
                        "format": "uuid",
                        "description": "id of sale",
                        "name": "id",
                        "in": "path",
                        "required": true
                    },
                    {
                        "description": "sale data",
                        "name": "data",
                        "in": "body",
                        "required": true,
                        "schema": {
                            "$ref": "#/definitions/models.Sales"
                        }
                    }
                ],
                "responses": {
                    "200": {
                        "description": "OK",
                        "schema": {
                            "type": "string"
                        }
                    },
                    "400": {
                        "description": "Bad Request",
                        "schema": {
                            "$ref": "#/definitions/response.ErrorResp"
                        }
                    },
                    "404": {
                        "description": "Not Found",
                        "schema": {
                            "$ref": "#/definitions/response.ErrorResp"
                        }
                    },
                    "500": {
                        "description": "Internal Server Error",
                        "schema": {
                            "$ref": "#/definitions/response.ErrorResp"
                        }
                    }
                }
            },
            "delete": {
                "description": "DELETES SALE BASED ON ID",
                "consumes": [
                    "application/json"
                ],
                "produces": [
                    "application/json"
                ],
                "tags": [
                    "SALE"
                ],
                "summary": "DELETE SALE BY ID",
                "parameters": [
                    {
                        "type": "string",
                        "format": "uuid",
                        "description": "id of sale",
                        "name": "id",
                        "in": "path",
                        "required": true
                    }
                ],
                "responses": {
                    "200": {
                        "description": "OK",
                        "schema": {
                            "type": "string"
                        }
                    },
                    "400": {
                        "description": "Bad Request",
                        "schema": {
                            "$ref": "#/definitions/response.ErrorResp"
                        }
                    },
                    "404": {
                        "description": "Not Found",
                        "schema": {
                            "$ref": "#/definitions/response.ErrorResp"
                        }
                    },
                    "500": {
                        "description": "Internal Server Error",
                        "schema": {
                            "$ref": "#/definitions/response.ErrorResp"
                        }
                    }
                }
            }
        },
        "/staff": {
            "get": {
                "description": "gets all staffs based on limit, page and search by name",
                "consumes": [
                    "application/json"
                ],
                "produces": [
                    "application/json"
                ],
                "tags": [
                    "STAFF"
                ],
                "summary": "GET  ALL STAFFS",
                "parameters": [
                    {
                        "minimum": 1,
                        "type": "integer",
                        "default": 10,
                        "description": "limit",
                        "name": "limit",
                        "in": "query"
                    },
                    {
                        "minimum": 1,
                        "type": "integer",
                        "default": 1,
                        "description": "page",
                        "name": "page",
                        "in": "query"
                    },
                    {
                        "type": "string",
                        "description": "search",
                        "name": "search",
                        "in": "query"
                    }
                ],
                "responses": {
                    "200": {
                        "description": "OK",
                        "schema": {
                            "$ref": "#/definitions/models.GetAllStaff"
                        }
                    },
                    "400": {
                        "description": "Bad Request",
                        "schema": {
                            "$ref": "#/definitions/response.ErrorResp"
                        }
                    },
                    "404": {
                        "description": "Not Found",
                        "schema": {
                            "$ref": "#/definitions/response.ErrorResp"
                        }
                    },
                    "500": {
                        "description": "Internal Server Error",
                        "schema": {
                            "$ref": "#/definitions/response.ErrorResp"
                        }
                    }
                }
            },
            "post": {
                "description": "CREATES STAFF BASED ON GIVEN DATA",
                "consumes": [
                    "application/json"
                ],
                "produces": [
                    "application/json"
                ],
                "tags": [
                    "STAFF"
                ],
                "summary": "CREATES STAFF",
                "parameters": [
                    {
                        "description": "staff data",
                        "name": "data",
                        "in": "body",
                        "required": true,
                        "schema": {
                            "$ref": "#/definitions/models.CreateStaff"
                        }
                    }
                ],
                "responses": {
                    "200": {
                        "description": "OK",
                        "schema": {
                            "type": "string"
                        }
                    },
                    "400": {
                        "description": "Bad Request",
                        "schema": {
                            "$ref": "#/definitions/response.ErrorResp"
                        }
                    },
                    "404": {
                        "description": "Not Found",
                        "schema": {
                            "$ref": "#/definitions/response.ErrorResp"
                        }
                    },
                    "500": {
                        "description": "Internal Server Error",
                        "schema": {
                            "$ref": "#/definitions/response.ErrorResp"
                        }
                    }
                }
            }
        },
        "/staff/{id}": {
            "get": {
                "description": "get staff by ID",
                "consumes": [
                    "application/json"
                ],
                "produces": [
                    "application/json"
                ],
                "tags": [
                    "STAFF"
                ],
                "summary": "GET BY ID",
                "parameters": [
                    {
                        "type": "string",
                        "format": "uuid",
                        "description": "Staff ID",
                        "name": "id",
                        "in": "path",
                        "required": true
                    }
                ],
                "responses": {
                    "200": {
                        "description": "OK",
                        "schema": {
                            "$ref": "#/definitions/models.Staff"
                        }
                    },
                    "400": {
                        "description": "Bad Request",
                        "schema": {
                            "$ref": "#/definitions/response.ErrorResp"
                        }
                    },
                    "404": {
                        "description": "Not Found",
                        "schema": {
                            "$ref": "#/definitions/response.ErrorResp"
                        }
                    },
                    "500": {
                        "description": "Internal Server Error",
                        "schema": {
                            "$ref": "#/definitions/response.ErrorResp"
                        }
                    }
                }
            },
            "put": {
                "description": "UPDATES STAFF BASED ON GIVEN DATA AND ID",
                "consumes": [
                    "application/json"
                ],
                "produces": [
                    "application/json"
                ],
                "tags": [
                    "STAFF"
                ],
                "summary": "UPDATE STAFF BY ID",
                "parameters": [
                    {
                        "type": "string",
                        "format": "uuid",
                        "description": "id of staff",
                        "name": "id",
                        "in": "path",
                        "required": true
                    },
                    {
                        "description": "staff data",
                        "name": "data",
                        "in": "body",
                        "required": true,
                        "schema": {
                            "$ref": "#/definitions/models.CreateStaff"
                        }
                    }
                ],
                "responses": {
                    "200": {
                        "description": "OK",
                        "schema": {
                            "type": "string"
                        }
                    },
                    "400": {
                        "description": "Bad Request",
                        "schema": {
                            "$ref": "#/definitions/response.ErrorResp"
                        }
                    },
                    "404": {
                        "description": "Not Found",
                        "schema": {
                            "$ref": "#/definitions/response.ErrorResp"
                        }
                    },
                    "500": {
                        "description": "Internal Server Error",
                        "schema": {
                            "$ref": "#/definitions/response.ErrorResp"
                        }
                    }
                }
            },
            "delete": {
                "description": "DELETES STAFF BASED ON ID",
                "consumes": [
                    "application/json"
                ],
                "produces": [
                    "application/json"
                ],
                "tags": [
                    "STAFF"
                ],
                "summary": "DELETE STAFF BY ID",
                "parameters": [
                    {
                        "type": "string",
                        "format": "uuid",
                        "description": "id of staff",
                        "name": "id",
                        "in": "path",
                        "required": true
                    }
                ],
                "responses": {
                    "200": {
                        "description": "OK",
                        "schema": {
                            "type": "string"
                        }
                    },
                    "400": {
                        "description": "Bad Request",
                        "schema": {
                            "$ref": "#/definitions/response.ErrorResp"
                        }
                    },
                    "404": {
                        "description": "Not Found",
                        "schema": {
                            "$ref": "#/definitions/response.ErrorResp"
                        }
                    },
                    "500": {
                        "description": "Internal Server Error",
                        "schema": {
                            "$ref": "#/definitions/response.ErrorResp"
                        }
                    }
                }
            }
        },
        "/tariff": {
            "get": {
                "description": "gets all tariff based on limit, page and search by name",
                "consumes": [
                    "application/json"
                ],
                "produces": [
                    "application/json"
                ],
                "tags": [
                    "TARIFF"
                ],
                "summary": "GET  ALL BRANCHS",
                "parameters": [
                    {
                        "minimum": 1,
                        "type": "integer",
                        "default": 10,
                        "description": "limit",
                        "name": "limit",
                        "in": "query"
                    },
                    {
                        "minimum": 1,
                        "type": "integer",
                        "default": 1,
                        "description": "page",
                        "name": "page",
                        "in": "query"
                    },
                    {
                        "type": "string",
                        "description": "search",
                        "name": "search",
                        "in": "query"
                    }
                ],
                "responses": {
                    "200": {
                        "description": "OK",
                        "schema": {
                            "$ref": "#/definitions/models.GetAllStaffTarif"
                        }
                    },
                    "400": {
                        "description": "Bad Request",
                        "schema": {
                            "$ref": "#/definitions/response.ErrorResp"
                        }
                    },
                    "404": {
                        "description": "Not Found",
                        "schema": {
                            "$ref": "#/definitions/response.ErrorResp"
                        }
                    },
                    "500": {
                        "description": "Internal Server Error",
                        "schema": {
                            "$ref": "#/definitions/response.ErrorResp"
                        }
                    }
                }
            },
            "post": {
                "description": "CREATES TARIFF BASED ON GIVEN DATA",
                "consumes": [
                    "application/json"
                ],
                "produces": [
                    "application/json"
                ],
                "tags": [
                    "TARIFF"
                ],
                "summary": "CREATES TARIFF",
                "parameters": [
                    {
                        "description": "tariff data",
                        "name": "data",
                        "in": "body",
                        "required": true,
                        "schema": {
                            "$ref": "#/definitions/models.CreateStaffTarif"
                        }
                    }
                ],
                "responses": {
                    "200": {
                        "description": "OK",
                        "schema": {
                            "type": "string"
                        }
                    },
                    "400": {
                        "description": "Bad Request",
                        "schema": {
                            "$ref": "#/definitions/response.ErrorResp"
                        }
                    },
                    "404": {
                        "description": "Not Found",
                        "schema": {
                            "$ref": "#/definitions/response.ErrorResp"
                        }
                    },
                    "500": {
                        "description": "Internal Server Error",
                        "schema": {
                            "$ref": "#/definitions/response.ErrorResp"
                        }
                    }
                }
            }
        },
        "/tariff/{id}": {
            "get": {
                "description": "get tariff by ID",
                "consumes": [
                    "application/json"
                ],
                "produces": [
                    "application/json"
                ],
                "tags": [
                    "TARIFF"
                ],
                "summary": "GET BY ID",
                "parameters": [
                    {
                        "type": "string",
                        "format": "uuid",
                        "description": "Tariff ID",
                        "name": "id",
                        "in": "path",
                        "required": true
                    }
                ],
                "responses": {
                    "200": {
                        "description": "OK",
                        "schema": {
                            "$ref": "#/definitions/models.StaffTarif"
                        }
                    },
                    "400": {
                        "description": "Bad Request",
                        "schema": {
                            "$ref": "#/definitions/response.ErrorResp"
                        }
                    },
                    "404": {
                        "description": "Not Found",
                        "schema": {
                            "$ref": "#/definitions/response.ErrorResp"
                        }
                    },
                    "500": {
                        "description": "Internal Server Error",
                        "schema": {
                            "$ref": "#/definitions/response.ErrorResp"
                        }
                    }
                }
            },
            "put": {
                "description": "UPDATES TARIFF BASED ON GIVEN DATA AND ID",
                "consumes": [
                    "application/json"
                ],
                "produces": [
                    "application/json"
                ],
                "tags": [
                    "TARIFF"
                ],
                "summary": "UPDATE TARIFF BY ID",
                "parameters": [
                    {
                        "type": "string",
                        "format": "uuid",
                        "description": "id of tariff",
                        "name": "id",
                        "in": "path",
                        "required": true
                    },
                    {
                        "description": "tariff data",
                        "name": "data",
                        "in": "body",
                        "required": true,
                        "schema": {
                            "$ref": "#/definitions/models.CreateStaffTarif"
                        }
                    }
                ],
                "responses": {
                    "200": {
                        "description": "OK",
                        "schema": {
                            "type": "string"
                        }
                    },
                    "400": {
                        "description": "Bad Request",
                        "schema": {
                            "$ref": "#/definitions/response.ErrorResp"
                        }
                    },
                    "404": {
                        "description": "Not Found",
                        "schema": {
                            "$ref": "#/definitions/response.ErrorResp"
                        }
                    },
                    "500": {
                        "description": "Internal Server Error",
                        "schema": {
                            "$ref": "#/definitions/response.ErrorResp"
                        }
                    }
                }
            },
            "delete": {
                "description": "DELETES TARIFF BASED ON ID",
                "consumes": [
                    "application/json"
                ],
                "produces": [
                    "application/json"
                ],
                "tags": [
                    "TARIFF"
                ],
                "summary": "DELETE TARIFF BY ID",
                "parameters": [
                    {
                        "type": "string",
                        "format": "uuid",
                        "description": "id of tariff",
                        "name": "id",
                        "in": "path",
                        "required": true
                    }
                ],
                "responses": {
                    "200": {
                        "description": "OK",
                        "schema": {
                            "type": "string"
                        }
                    },
                    "400": {
                        "description": "Bad Request",
                        "schema": {
                            "$ref": "#/definitions/response.ErrorResp"
                        }
                    },
                    "404": {
                        "description": "Not Found",
                        "schema": {
                            "$ref": "#/definitions/response.ErrorResp"
                        }
                    },
                    "500": {
                        "description": "Internal Server Error",
                        "schema": {
                            "$ref": "#/definitions/response.ErrorResp"
                        }
                    }
                }
            }
        },
        "/transaction": {
            "get": {
                "description": "gets all transaction based on limit, page and search by name",
                "consumes": [
                    "application/json"
                ],
                "produces": [
                    "application/json"
                ],
                "tags": [
                    "TRANSACTION"
                ],
                "summary": "GET  ALL TRANSACTION",
                "parameters": [
                    {
                        "minimum": 1,
                        "type": "integer",
                        "default": 10,
                        "description": "limit",
                        "name": "limit",
                        "in": "query"
                    },
                    {
                        "minimum": 1,
                        "type": "integer",
                        "default": 1,
                        "description": "page",
                        "name": "page",
                        "in": "query"
                    },
                    {
                        "type": "string",
                        "description": "search",
                        "name": "search",
                        "in": "query"
                    }
                ],
                "responses": {
                    "200": {
                        "description": "OK",
                        "schema": {
                            "$ref": "#/definitions/models.GetAllTransactionResponse"
                        }
                    },
                    "400": {
                        "description": "Bad Request",
                        "schema": {
                            "$ref": "#/definitions/response.ErrorResp"
                        }
                    },
                    "404": {
                        "description": "Not Found",
                        "schema": {
                            "$ref": "#/definitions/response.ErrorResp"
                        }
                    },
                    "500": {
                        "description": "Internal Server Error",
                        "schema": {
                            "$ref": "#/definitions/response.ErrorResp"
                        }
                    }
                }
            },
            "post": {
                "description": "CREATES TRANSACTION BASED ON GIVEN DATA",
                "consumes": [
                    "application/json"
                ],
                "produces": [
                    "application/json"
                ],
                "tags": [
                    "TRANSACTION"
                ],
                "summary": "CREATES TRANSACTION",
                "parameters": [
                    {
                        "description": "transaction data",
                        "name": "data",
                        "in": "body",
                        "required": true,
                        "schema": {
                            "$ref": "#/definitions/models.CreateTransaction"
                        }
                    }
                ],
                "responses": {
                    "200": {
                        "description": "OK",
                        "schema": {
                            "type": "string"
                        }
                    },
                    "400": {
                        "description": "Bad Request",
                        "schema": {
                            "$ref": "#/definitions/response.ErrorResp"
                        }
                    },
                    "404": {
                        "description": "Not Found",
                        "schema": {
                            "$ref": "#/definitions/response.ErrorResp"
                        }
                    },
                    "500": {
                        "description": "Internal Server Error",
                        "schema": {
                            "$ref": "#/definitions/response.ErrorResp"
                        }
                    }
                }
            }
        },
        "/transaction/{id}": {
            "get": {
                "description": "get transaction by ID",
                "consumes": [
                    "application/json"
                ],
                "produces": [
                    "application/json"
                ],
                "tags": [
                    "TRANSACTION"
                ],
                "summary": "GET BY ID",
                "parameters": [
                    {
                        "type": "string",
                        "format": "uuid",
                        "description": "Transaction ID",
                        "name": "id",
                        "in": "path",
                        "required": true
                    }
                ],
                "responses": {
                    "200": {
                        "description": "OK",
                        "schema": {
                            "$ref": "#/definitions/models.Transaction"
                        }
                    },
                    "400": {
                        "description": "Bad Request",
                        "schema": {
                            "$ref": "#/definitions/response.ErrorResp"
                        }
                    },
                    "404": {
                        "description": "Not Found",
                        "schema": {
                            "$ref": "#/definitions/response.ErrorResp"
                        }
                    },
                    "500": {
                        "description": "Internal Server Error",
                        "schema": {
                            "$ref": "#/definitions/response.ErrorResp"
                        }
                    }
                }
            },
            "put": {
                "description": "UPDATES TRANSACTION BASED ON GIVEN DATA AND ID",
                "consumes": [
                    "application/json"
                ],
                "produces": [
                    "application/json"
                ],
                "tags": [
                    "TRANSACTION"
                ],
                "summary": "UPDATE TRANSACTION BY ID",
                "parameters": [
                    {
                        "type": "string",
                        "format": "uuid",
                        "description": "id of transaction",
                        "name": "id",
                        "in": "path",
                        "required": true
                    },
                    {
                        "description": "transaction data",
                        "name": "data",
                        "in": "body",
                        "required": true,
                        "schema": {
                            "$ref": "#/definitions/models.CreateTransaction"
                        }
                    }
                ],
                "responses": {
                    "200": {
                        "description": "OK",
                        "schema": {
                            "type": "string"
                        }
                    },
                    "400": {
                        "description": "Bad Request",
                        "schema": {
                            "$ref": "#/definitions/response.ErrorResp"
                        }
                    },
                    "404": {
                        "description": "Not Found",
                        "schema": {
                            "$ref": "#/definitions/response.ErrorResp"
                        }
                    },
                    "500": {
                        "description": "Internal Server Error",
                        "schema": {
                            "$ref": "#/definitions/response.ErrorResp"
                        }
                    }
                }
            },
            "delete": {
                "description": "DELETES TRANSACTION BASED ON ID",
                "consumes": [
                    "application/json"
                ],
                "produces": [
                    "application/json"
                ],
                "tags": [
                    "TRANSACTION"
                ],
                "summary": "DELETE TRANSACTION BY ID",
                "parameters": [
                    {
                        "type": "string",
                        "format": "uuid",
                        "description": "id of transaction",
                        "name": "id",
                        "in": "path",
                        "required": true
                    }
                ],
                "responses": {
                    "200": {
                        "description": "OK",
                        "schema": {
                            "type": "string"
                        }
                    },
                    "400": {
                        "description": "Bad Request",
                        "schema": {
                            "$ref": "#/definitions/response.ErrorResp"
                        }
                    },
                    "404": {
                        "description": "Not Found",
                        "schema": {
                            "$ref": "#/definitions/response.ErrorResp"
                        }
                    },
                    "500": {
                        "description": "Internal Server Error",
                        "schema": {
                            "$ref": "#/definitions/response.ErrorResp"
                        }
                    }
                }
            }
        }
    },
    "definitions": {
        "models.Branch": {
            "type": "object",
            "properties": {
                "address": {
                    "type": "string"
                },
                "created_at": {
                    "type": "string"
                },
                "founded_at": {
                    "type": "integer"
                },
                "id": {
                    "type": "string"
                },
                "name": {
                    "type": "string"
                },
                "updated_at": {
                    "type": "string"
                },
                "year": {
                    "type": "integer"
                }
            }
        },
        "models.CreateBranch": {
            "type": "object",
            "properties": {
                "address": {
                    "type": "string"
                },
                "founded_at": {
                    "type": "integer"
                },
                "name": {
                    "type": "string"
                }
            }
        },
        "models.CreateSales": {
            "type": "object",
            "properties": {
                "branch_id": {
                    "type": "string"
                },
                "cashier_id": {
                    "type": "string"
                },
                "client_name": {
                    "type": "string"
                },
                "payment_type": {
                    "description": "card, cash",
                    "type": "string"
                },
                "price": {
                    "type": "number"
                },
                "shop_assistant_id": {
                    "type": "string"
                },
                "status": {
                    "description": "success, cancel",
                    "type": "string"
                }
            }
        },
        "models.CreateStaff": {
            "type": "object",
            "properties": {
                "balance": {
                    "type": "number"
                },
                "branch_id": {
                    "type": "string"
                },
                "name": {
                    "type": "string"
                },
                "staff_type": {
                    "type": "string"
                },
                "tariff_id": {
                    "type": "string"
                }
            }
        },
        "models.CreateStaffTarif": {
            "type": "object",
            "properties": {
                "amount_for_card": {
                    "type": "number"
                },
                "amount_for_cash": {
                    "type": "number"
                },
                "name": {
                    "type": "string"
                },
                "type": {
                    "description": "(fixed, percent)",
                    "type": "string"
                }
            }
        },
        "models.CreateTransaction": {
            "type": "object",
            "properties": {
                "amount": {
                    "type": "integer"
                },
                "sale_id": {
                    "type": "string"
                },
                "source_type": {
                    "type": "string"
                },
                "staff_id": {
                    "type": "string"
                },
                "text": {
                    "type": "string"
                },
                "type": {
                    "type": "string"
                }
            }
        },
        "models.GetAllBranch": {
            "type": "object",
            "properties": {
                "branches": {
                    "type": "array",
                    "items": {
                        "$ref": "#/definitions/models.Branch"
                    }
                },
                "count": {
                    "type": "integer"
                }
            }
        },
        "models.GetAllSalesResponse": {
            "type": "object",
            "properties": {
                "count": {
                    "type": "integer"
                },
                "sales": {
                    "type": "array",
                    "items": {
                        "$ref": "#/definitions/models.Sales"
                    }
                }
            }
        },
        "models.GetAllStaff": {
            "type": "object",
            "properties": {
                "count": {
                    "type": "integer"
                },
                "staffs": {
                    "type": "array",
                    "items": {
                        "$ref": "#/definitions/models.Staff"
                    }
                }
            }
        },
        "models.GetAllStaffTarif": {
            "type": "object",
            "properties": {
                "count": {
                    "type": "integer"
                },
                "staff_tarifs": {
                    "type": "array",
                    "items": {
                        "$ref": "#/definitions/models.StaffTarif"
                    }
                }
            }
        },
        "models.GetAllTransactionResponse": {
            "type": "object",
            "properties": {
                "count": {
                    "type": "integer"
                },
                "transactions": {
                    "type": "array",
                    "items": {
                        "$ref": "#/definitions/models.Transaction"
                    }
                }
            }
        },
        "models.Sales": {
            "type": "object",
            "properties": {
                "branch_id": {
                    "type": "string"
                },
                "cashier_id": {
                    "type": "string"
                },
                "client_name": {
                    "type": "string"
                },
                "created_at": {
                    "type": "string"
                },
                "id": {
                    "type": "string"
                },
                "payment_type": {
                    "description": "card, cash",
                    "type": "string"
                },
                "price": {
                    "type": "number"
                },
                "shop_assistant_id": {
                    "type": "string"
                },
                "status": {
                    "description": "success, cancel",
                    "type": "string"
                },
                "updated_at": {
                    "type": "string"
                }
            }
        },
        "models.Staff": {
            "type": "object",
            "properties": {
                "balance": {
                    "type": "number"
                },
                "branch_id": {
                    "type": "string"
                },
                "created_at": {
                    "type": "string"
                },
                "id": {
                    "type": "string"
                },
                "name": {
                    "type": "string"
                },
                "staff_type": {
                    "type": "string"
                },
                "tariff_id": {
                    "type": "string"
                },
                "updated_at": {
                    "type": "string"
                }
            }
        },
        "models.StaffTarif": {
            "type": "object",
            "properties": {
                "amount_for_card": {
                    "type": "number"
                },
                "amount_for_cash": {
                    "type": "number"
                },
                "created_at": {
                    "type": "string"
                },
                "id": {
                    "type": "string"
                },
                "name": {
                    "type": "string"
                },
                "type": {
                    "description": "(fixed, percent)",
                    "type": "string"
                },
                "updated_at": {
                    "type": "string"
                }
            }
        },
        "models.Transaction": {
            "type": "object",
            "properties": {
                "amount": {
                    "type": "integer"
                },
                "created_at": {
                    "type": "string"
                },
                "id": {
                    "type": "string"
                },
                "sale_id": {
                    "type": "string"
                },
                "source_type": {
                    "type": "string"
                },
                "staff_id": {
                    "type": "string"
                },
                "text": {
                    "type": "string"
                },
                "type": {
                    "type": "string"
                },
                "updated_at": {
                    "type": "string"
                }
            }
        },
        "response.ErrorResp": {
            "type": "object",
            "properties": {
                "code": {
                    "type": "string"
                },
                "message": {
                    "type": "string"
                }
            }
        }
    }
}